NX,NY,NZ,TT,SLURM_NNODES,GPUS,TASKS_PER_NODE,OMP_NUM_THREADS,SLURM_JOB_NODELIST,TIME,GFLOPS
128,128,128,30,2,0,8,4,hopper[004 010],229.064,2.64746
128,128,128,30,2,0,8,4,hopper[004 010],31.2104,14.5495
128,128,128,30,2,0,1,32,hopper[004 010],30.3078,3.92119
128,128,128,30,2,0,8,4,hopper[004 010],32.3206,18.8228
128,128,128,30,2,0,1,32,hopper[004 010],43.3236,3.45498
